City_ID,City,Lat,Lng,Max Temp,Humidity,Cloudiness,Wind Speed,Country,Date
0,ushuaia,-54.8,-68.3,3.8100000000000023,60,0,8.23,AR,1721705991
1,port saint john's,-31.6229,29.5448,12.760000000000048,78,6,2.98,ZA,1721705992
2,puerto natales,-51.7236,-72.4875,3.5200000000000387,93,100,2.02,CL,1721705994
3,udachny,66.4167,112.4,16.700000000000045,36,36,4.13,RU,1721705995
4,bilibino,68.0546,166.4372,26.150000000000034,48,46,7.17,RU,1721705997
5,acarau,-2.8856,-40.12,24.930000000000007,89,6,6.68,BR,1721705998
6,marquette,46.5333,-87.6335,15.75,85,100,2.32,US,1721705999
7,vorgashor,67.5833,63.95,11.490000000000009,69,99,1.47,RU,1721706001
8,antonio enes,-16.2325,39.9086,19.49000000000001,69,10,1.89,MZ,1721706002
9,margaret river,-33.95,115.0667,13.170000000000016,70,47,6.24,AU,1721706003
10,pocone,-16.2567,-56.6228,20.150000000000034,36,4,1.38,BR,1721706004
11,valparaiso,-33.0393,-71.6273,11.800000000000011,87,100,3.6,CL,1721706006
12,saint-francois,46.4154,3.9054,17.689999999999998,85,100,1.54,FR,1721706007
13,edinburgh of the seven seas,-37.0676,-12.3116,13.050000000000011,80,97,11.43,SH,1721706008
14,port-aux-francais,-49.35,70.2167,2.8700000000000045,69,66,1.75,TF,1721706009
15,pisco,-13.7,-76.2167,15.03000000000003,82,0,2.06,PE,1721706012
16,bethel,41.3712,-73.414,23.28000000000003,87,75,0.89,US,1721706013
17,tazovsky,67.4667,78.7,9.03000000000003,59,100,6.51,RU,1721706014
18,souillac,-20.5167,57.5167,19.640000000000043,94,40,3.09,MU,1721706015
19,college,64.8569,-147.8028,29.99000000000001,32,20,2.57,US,1721706017
20,saipan,15.1355,145.701,32.39000000000004,66,40,4.12,MP,1721706018
21,la ronge,55.1001,-105.2842,19.140000000000043,63,40,3.09,CA,1721706019
22,taunusstein,50.15,8.15,16.010000000000048,83,0,1.54,DE,1721706020
23,klyuchi,52.2667,79.1667,23.560000000000002,55,40,1.11,RU,1721706022
24,grytviken,-54.2811,-36.5092,-1.5600000000000023,85,85,9.13,GS,1721706023
25,sferracavallo,42.726,12.0956,22.870000000000005,85,0,2.06,IT,1721706024
26,whitehorse,60.7161,-135.0538,22.430000000000007,43,20,2.06,CA,1721705769
27,waitangi,-43.9535,-176.5597,9.340000000000032,99,100,4.47,NZ,1721706026
28,crixas,-14.5489,-49.9692,19.850000000000023,39,82,2.32,BR,1721706028
29,tangalle,6.024,80.7911,30.090000000000032,67,41,5.39,LK,1721706029
30,saratovskaya,44.7103,39.2244,24.32000000000005,92,3,1.19,RU,1721706030
31,tiksi,71.6872,128.8694,4.300000000000011,97,99,3.83,RU,1721706031
32,minas de marcona,-15.2119,-75.1103,10.610000000000014,86,58,4.62,PE,1721706032
33,blackmans bay,-43.0167,147.3167,17.07000000000005,50,100,1.79,AU,1721706034
34,bredasdorp,-34.5322,20.0403,6.890000000000043,86,8,1.92,ZA,1721706035
35,alice springs,-23.7,133.8833,21.75,20,0,5.66,AU,1721706036
36,labrador city,52.9463,-66.9114,10.100000000000023,75,75,16.99,CA,1721706037
37,albany,42.6001,-73.9662,22.02000000000004,64,100,1.16,US,1721706038
38,mijas,36.5957,-4.6373,22.25,83,0,2.57,ES,1721706040
39,port elizabeth,-33.918,25.5701,6.160000000000025,93,0,0.51,ZA,1721706041
40,east london,-33.0153,27.9116,12.520000000000039,71,0,5.14,ZA,1721706042
41,crane,31.3974,-102.3501,21.910000000000025,67,59,3.85,US,1721706043
42,phitsanulok,16.9167,100.5,29.75,76,94,4.9,TH,1721706045
43,masuguru,-11.3667,38.4167,16.340000000000032,85,38,0.86,TZ,1721706046
44,hamilton,39.1834,-84.5333,22.900000000000034,87,0,0.89,US,1721705753
45,constantia,44.1833,28.65,22.610000000000014,69,5,5.31,RO,1721706033
46,adamstown,-25.066,-130.1015,19.110000000000014,68,2,7.33,PN,1721706049
47,weno,7.4515,151.8468,31.970000000000027,79,75,4.12,FM,1721706051
48,portland,45.5234,-122.6762,20.189999999999998,59,0,1.79,US,1721706041
49,bondo,3.8146,23.6866,20.629999999999995,100,100,0.91,CD,1721706053
50,iqaluit,63.7506,-68.5145,7.850000000000023,81,40,4.12,CA,1721706054
51,atafu village,-8.5421,-172.5159,28.420000000000016,78,100,8.86,TK,1721706055
52,lihue,21.9789,-159.3672,27.77000000000004,67,75,7.2,US,1721706057
53,tidjikja,18.5564,-11.4271,29.060000000000002,52,97,2.6,MR,1721706058
54,hermanus,-34.4187,19.2345,10.720000000000027,74,19,1.98,ZA,1721706059
55,ribeira grande,38.5167,-28.7,21.54000000000002,82,0,3.58,PT,1721706060
56,prince rupert,54.3161,-130.3201,15.830000000000041,88,100,4.12,CA,1721706062
57,invercargill,-46.4,168.35,10.010000000000048,87,74,1.34,NZ,1721705854
58,durban,-29.8579,31.0292,13.510000000000048,78,19,2.18,ZA,1721706064
59,dunedin,-45.8742,170.5036,7.670000000000016,73,80,4.02,NZ,1721706065
60,lebu,-37.6167,-73.65,7.640000000000043,87,29,1.05,CL,1721706066
61,selfoss,63.9331,-20.9971,8.910000000000025,93,78,4.43,IS,1721706068
62,mount pearl,47.5166,-52.7813,15.25,86,20,6.17,CA,1721705903
63,mejit,10.2753,170.8646,28.220000000000027,75,54,6.54,MH,1721706071
64,puerto baquerizo moreno,-0.9,-89.6,20.939999999999998,83,83,5.19,EC,1721706072
65,badger,64.8,-147.5333,29.950000000000045,30,20,2.57,US,1721706073
66,antalaha,-14.9003,50.2788,19.870000000000005,88,52,2.55,MG,1721706076
67,puerto ayora,-0.7393,-90.3518,19.75,99,91,1.79,EC,1721706077
68,parabel',58.6978,81.4825,18.5,58,98,3.25,RU,1721706078
69,robore,-18.3333,-59.75,19.090000000000032,39,3,1.17,BO,1721706080
70,port mathurin,-19.6833,63.4167,22.760000000000048,64,18,7.53,MU,1721706081
71,margate,51.3813,1.3862,17.720000000000027,86,94,6.09,GB,1721706082
72,port lincoln,-34.7333,135.8667,17.920000000000016,39,96,9.3,AU,1721706083
73,pionerskiy,54.9508,20.2275,18.910000000000025,90,89,7.95,RU,1721706084
74,olonkinbyen,70.9221,-8.7187,5.0,92,100,9.94,SJ,1721706086
75,afaahiti,-17.75,-149.2833,25.590000000000032,73,45,11.31,PF,1721706087
76,joshimath,30.5667,79.5667,20.5,85,98,1.43,IN,1721706088
77,belfast,54.5833,-5.9333,13.900000000000034,79,40,4.12,GB,1721706089
78,sitia,35.2,26.0986,28.32000000000005,82,2,1.88,GR,1721706090
79,smithers,54.7804,-127.1743,17.180000000000007,77,75,3.09,CA,1721706092
80,westport,41.1415,-73.3579,23.980000000000018,89,100,2.57,US,1721706093
81,ndioum,16.5129,-14.6471,27.939999999999998,66,100,5.28,SN,1721706094
82,horta,38.5333,-28.6333,21.120000000000005,82,0,3.58,PT,1721706095
83,kingston,17.997,-76.7936,29.53000000000003,79,20,1.54,JM,1721705646
84,chonchi,-42.6128,-73.8092,7.2900000000000205,95,97,0.78,CL,1721706098
85,thompson,55.7435,-97.8558,14.090000000000032,72,20,1.03,CA,1721706099
86,buala,-8.145,159.5921,29.08000000000004,72,41,4.22,SB,1721706100
87,newman,37.3138,-121.0208,36.129999999999995,46,4,3.98,US,1721706101
88,petawawa,45.9001,-77.3328,16.439999999999998,83,96,0.59,CA,1721706102
89,richards bay,-28.783,32.0377,16.910000000000025,75,56,0.93,ZA,1721706104
90,cidreira,-30.1811,-50.2056,15.53000000000003,91,46,2.08,BR,1721706105
91,kisangani,0.5167,25.2,21.350000000000023,93,100,1.11,CD,1721706106
92,port alfred,-33.5906,26.891,12.200000000000045,70,10,4.22,ZA,1721706107
93,plastun,44.7561,136.2939,23.420000000000016,80,100,1.2,RU,1721706110
94,hammerfest,70.6634,23.6821,22.25,60,0,2.06,NO,1721705995
95,sitka,57.0531,-135.33,14.939999999999998,82,100,2.06,US,1721706112
96,anadyr,64.75,177.4833,16.28000000000003,67,20,9.0,RU,1721706113
97,uturoa,-16.7333,-151.4333,24.970000000000027,65,8,11.59,PF,1721706115
98,vilyuchinsk,52.9306,158.4028,14.150000000000034,89,100,3.7,RU,1721706116
99,isafjordur,66.0755,-23.124,6.7000000000000455,93,100,2.13,IS,1721706117
100,ilulissat,69.2167,-51.1,6.010000000000048,87,100,2.06,GL,1721706118
101,zeya,53.75,127.2667,30.629999999999995,34,5,0.84,RU,1721706119
102,yellowknife,62.456,-114.3525,23.560000000000002,57,40,2.06,CA,1721706121
103,stanley,54.868,-1.6985,14.330000000000041,93,40,2.57,GB,1721706122
104,shibirghan,36.6676,65.7529,34.860000000000014,16,0,4.47,AF,1721706123
105,manismata,-2.4667,111.0333,31.75,55,61,2.12,ID,1721706124
106,qaqortoq,60.7167,-46.0333,7.720000000000027,94,100,1.73,GL,1721706126
107,tsiombe,-25.3,45.4833,18.730000000000018,81,36,3.21,MG,1721706127
108,tolanaro,-25.0319,46.9987,19.04000000000002,94,40,1.03,MG,1721706128
109,utrik,11.2278,169.8474,28.100000000000023,79,31,6.61,MH,1721706129
110,floro,61.5996,5.0328,12.04000000000002,94,75,1.54,NO,1721706130
111,north battleford,52.7834,-108.2847,19.05000000000001,88,0,5.14,CA,1721706132
112,chernyshevskiy,63.0128,112.4714,20.220000000000027,37,28,5.1,RU,1721706133
113,hailar,49.2,119.7,27.710000000000036,47,100,4.94,CN,1721706134
114,namibe,-15.1961,12.1522,14.629999999999995,90,12,3.8,AO,1721706135
115,watertown,42.3709,-71.1828,24.439999999999998,83,0,3.6,US,1721706136
116,fuerte olimpo,-21.0415,-57.8738,20.420000000000016,37,13,0.75,PY,1721706138
117,punta arenas,-53.15,-70.9167,4.060000000000002,81,75,1.03,CL,1721706132
118,luanda,-8.8368,13.2343,21.0,88,75,2.06,AO,1721706140
119,kamaishi,39.2667,141.8833,30.840000000000032,53,68,4.4,JP,1721706141
120,evanston,42.0411,-87.6901,22.480000000000018,83,0,1.54,US,1721706142
121,fale old settlement,-9.3852,-171.2468,28.390000000000043,76,77,10.21,TK,1721706144
122,kutum,14.2,24.6667,24.30000000000001,65,62,2.92,SD,1721706145
123,kuala belait,4.5833,114.1833,32.09000000000003,61,100,2.44,BN,1721706146
124,enshi,30.3,109.4833,34.72000000000003,54,100,1.12,CN,1721706148
125,georgetown,5.4112,100.3354,31.960000000000036,70,20,3.09,MY,1721706150
126,kapuskasing,49.4169,-82.4331,12.050000000000011,100,75,2.06,CA,1721706151
127,talnakh,69.4865,88.3972,14.990000000000009,38,12,0.68,RU,1721706152
128,naze,28.3667,129.4833,30.510000000000048,79,19,6.63,JP,1721706153
129,colby,39.3958,-101.0524,21.29000000000002,74,0,5.14,US,1721706155
130,waverly,42.7392,-84.6208,18.950000000000045,90,17,1.73,US,1721706156
131,jamestown,42.097,-79.2353,20.77000000000004,97,100,0.0,US,1721706157
132,nouadhibou,20.931,-17.0347,20.99000000000001,83,86,3.09,MR,1721706158
133,san patricio,28.017,-97.5169,28.910000000000025,72,21,3.22,US,1721706159
134,acapulco de juarez,16.8634,-99.8901,28.900000000000034,79,40,1.54,MX,1721706161
135,haiku-pauwela,20.9219,-156.3051,27.010000000000048,72,20,9.77,US,1721706162
136,hawaiian paradise park,19.5933,-154.9731,26.600000000000023,78,5,1.34,US,1721706163
137,napoleon,41.3923,-84.1252,20.5,87,0,0.99,US,1721706164
138,tonga,-20.0,-175.0,25.04000000000002,71,100,4.02,TO,1721706165
139,arraial do cabo,-22.9661,-42.0278,20.55000000000001,80,3,4.19,BR,1721706167
140,katabu,-4.9333,122.5167,31.49000000000001,43,59,2.3,ID,1721706168
141,mount isa,-20.7333,139.5,23.870000000000005,15,0,5.14,AU,1721706169
142,mendoza,-32.8908,-68.8272,7.740000000000009,49,0,0.0,AR,1721706170
143,enriquillo,17.9,-71.2333,25.090000000000032,89,0,6.0,DO,1721706172
144,nerekhta,57.4588,40.5747,12.939999999999998,69,40,2.57,RU,1721706173
145,winterlingen,48.1833,9.1167,14.82000000000005,87,65,0.64,DE,1721706174
146,uribia,11.7139,-72.266,28.04000000000002,73,52,8.2,CO,1721706175
147,juegang,32.3174,121.1855,32.47000000000003,65,100,5.44,CN,1721706176
148,alofi,-19.0595,-169.9187,26.939999999999998,69,75,6.17,NU,1721706178
149,santyoku,37.4406,129.1708,30.129999999999995,64,21,4.3,KR,1721706180
150,mahajanga,-15.7167,46.3167,18.010000000000048,88,20,2.57,MG,1721706181
151,gaspe,48.8334,-64.4819,15.120000000000005,67,0,3.6,CA,1721706182
152,kijang,35.2442,129.2139,31.850000000000023,77,100,7.22,KR,1721706184
153,quatre cocos,-20.2078,57.7625,20.05000000000001,66,1,2.98,MU,1721706185
154,wailua homesteads,22.0669,-159.378,27.439999999999998,71,75,7.2,US,1721706186
155,sergeyevka,53.88,67.4158,20.80000000000001,83,16,5.61,KZ,1721706187
156,barah,13.7,30.3667,27.140000000000043,65,90,4.58,SD,1721706189
157,nuuk,64.1835,-51.7216,6.340000000000032,93,75,5.66,GL,1721706190
158,jerantut,3.936,102.3626,31.33000000000004,66,100,0.89,MY,1721706191
159,ghadamis,30.1337,9.5007,30.29000000000002,37,0,4.51,LY,1721706193
160,vadso,70.0744,29.7487,20.090000000000032,56,0,1.03,NO,1721706195
161,kuraymah,18.55,31.85,30.879999999999995,47,100,5.55,SD,1721706196
162,ust-nera,64.5667,143.2,22.870000000000005,59,99,2.68,RU,1721706198
163,vila franca do campo,37.7167,-25.4333,22.230000000000018,99,2,1.95,PT,1721706199
164,howrah,22.5892,88.3103,30.0,89,75,3.09,IN,1721706201
165,carbonear,47.7332,-53.2148,15.970000000000027,87,2,6.25,CA,1721706202
166,papatowai,-46.5619,169.4708,8.670000000000016,82,99,3.56,NZ,1721706203
167,murray bridge,-35.1167,139.2667,16.30000000000001,33,98,6.16,AU,1721706204
168,aasiaat,68.7098,-52.8699,2.8600000000000136,97,90,1.42,GL,1721706205
169,avarua,-21.2078,-159.775,24.03000000000003,64,20,4.12,CK,1721706208
170,urengoy,65.9667,78.3667,11.770000000000039,51,100,6.64,RU,1721706209
171,manaure,11.7751,-72.4445,27.78000000000003,76,38,7.86,CO,1721706210
172,sumbe,-11.2061,13.8437,19.28000000000003,94,49,2.79,AO,1721706211
173,lata,40.1629,-8.3327,19.910000000000025,30,0,1.56,PT,1721706213
174,kinkala,-4.3614,14.7644,18.74000000000001,89,1,2.18,CG,1721706214
175,gadzhiyevo,69.2551,33.3362,17.57000000000005,58,82,3.69,RU,1721706215
176,coahuayana de hidalgo,18.7,-103.6583,25.060000000000002,92,100,1.03,MX,1721706216
177,san antonio de pale,-1.4014,5.6325,22.680000000000007,87,100,5.92,GQ,1721706217
178,yoloten,37.2989,62.3597,34.360000000000014,18,0,0.72,TM,1721706219
179,undurkhaan,47.3194,110.6556,24.650000000000034,57,84,2.04,MN,1721706220
180,sirte,31.2089,16.5887,26.910000000000025,73,0,3.39,LY,1721706221
181,nema,57.5067,50.5011,15.890000000000043,62,1,3.3,RU,1721706222
182,cogealac,44.55,28.5667,22.25,63,3,4.91,RO,1721706224
183,motueka,-41.1333,173.0167,13.390000000000043,71,46,1.22,NZ,1721706225
184,howard springs,-12.497,131.047,29.99000000000001,39,77,2.14,AU,1721706226
185,borogontsy,62.6683,131.1683,26.420000000000016,45,10,2.63,RU,1721706227
186,queenstown,-31.8976,26.8753,5.180000000000007,28,40,2.18,ZA,1721706228
187,dan khun thot,15.2085,101.7714,27.230000000000018,75,100,7.23,TH,1721706230
188,polyarnyy,69.1989,33.4478,16.83000000000004,59,84,3.8,RU,1721706231
189,saint-pierre,-21.3393,55.4781,20.82000000000005,52,0,3.6,RE,1721706232
190,krasnoshchekovo,51.6708,82.7289,22.53000000000003,71,20,2.36,RU,1721706233
191,west island,-12.1568,96.8225,28.99000000000001,74,40,7.2,CC,1721706235
192,boguchany,58.3814,97.4531,18.840000000000032,99,100,1.29,RU,1721706236
193,leh,34.1667,77.5833,17.189999999999998,37,5,2.11,IN,1721706237
194,klaksvik,62.2266,-6.589,9.510000000000048,84,93,1.62,FO,1721706238
195,burang,30.25,81.1667,13.220000000000027,68,100,1.7,CN,1721706239
196,thabazimbi,-24.5917,27.4116,12.28000000000003,56,30,1.23,ZA,1721706241
197,aden,12.7794,45.0367,29.200000000000045,79,100,4.74,YE,1721706242
198,ceeldheer,3.8488,47.1806,24.439999999999998,84,66,6.72,SO,1721706243
199,valdivia,-39.8142,-73.2459,6.050000000000011,99,26,1.05,CL,1721706244
200,punta del este,-34.9667,-54.95,13.310000000000002,97,75,2.24,UY,1721706245
201,tianchang,37.9981,114.0156,36.39000000000004,42,99,2.88,CN,1721706247
202,nemuro,43.3236,145.575,21.390000000000043,83,100,4.5,JP,1721706249
203,kwang binh,17.4833,106.6,28.82000000000005,72,100,3.83,VN,1721706250
204,bol,13.4586,14.7147,25.470000000000027,85,77,8.48,TD,1721706252
205,mirny,62.5353,113.9611,18.32000000000005,56,100,4.66,RU,1721706006
206,mapastepec,15.4333,-92.9,25.160000000000025,90,100,1.57,MX,1721706255
207,bubaque,11.2833,-15.8333,26.57000000000005,85,98,6.22,GW,1721706256
208,narok,-1.0783,35.8601,11.75,91,15,1.58,KE,1721706258
209,mbanza kongo,-6.267,14.2401,17.0,93,0,1.19,AO,1721706259
210,kyren,51.6828,102.1408,21.610000000000014,73,84,0.7,RU,1721706260
211,tyachiv,48.0118,23.5706,20.450000000000045,86,12,1.86,UA,1721706261
212,yankton,42.8711,-97.3973,24.140000000000043,73,0,1.54,US,1721706262
213,longyearbyen,78.2186,15.6401,9.910000000000025,93,0,3.6,SJ,1721706264
214,pangody,65.85,74.4859,13.770000000000039,46,95,5.26,RU,1721706265
215,frontino,6.7801,-76.1288,19.05000000000001,99,96,0.85,CO,1721706266
216,la passe,45.5549,-0.8967,15.129999999999995,88,1,0.87,FR,1721706267
217,victoria,22.2855,114.1577,34.03000000000003,72,100,1.79,HK,1721706006
218,susuman,62.7833,148.1667,25.230000000000018,45,57,4.47,RU,1721706270
219,saldanha,-33.0117,17.9442,3.0300000000000296,72,84,0.41,ZA,1721706271
220,nuku'alofa,-21.1333,-175.2,26.189999999999998,78,40,0.51,TO,1721706273
221,jaffna,9.6685,80.0074,29.0,76,42,7.01,LK,1721706274
222,nova vicosa,-17.8919,-39.3719,20.99000000000001,71,0,2.34,BR,1721706276
223,macas,-2.3167,-78.1167,18.950000000000045,97,94,0.9,EC,1721706277
224,st. thomas,42.7736,-81.1804,18.600000000000023,89,83,1.21,CA,1721706278
225,gao,16.6362,1.637,27.99000000000001,58,56,3.36,ML,1721706279
226,riversdale,18.1659,-76.9642,28.920000000000016,85,12,1.7,JM,1721706280
227,northam,51.0333,-4.2167,17.939999999999998,95,79,6.54,GB,1721706282
228,la grange,33.0393,-85.0313,24.370000000000005,88,0,0.0,US,1721706283
229,ko pha ngan,9.7578,100.0291,27.379999999999995,80,99,8.89,TH,1721706284
230,barro alto,-11.7608,-41.9117,15.450000000000045,92,3,2.66,BR,1721706285
231,alesund,62.4723,6.1549,14.07000000000005,90,46,2.57,NO,1721706287
232,villa yapacani,-17.4,-63.8333,19.0,69,0,1.66,BO,1721706288
233,aydarken,39.9443,71.3429,20.850000000000023,36,84,2.71,KG,1721706289
234,wuda,39.4994,106.7117,35.56,18,94,3.05,CN,1721706291
235,nadi,-17.8,177.4167,28.0,69,20,5.66,FJ,1721706293
236,new plymouth,-39.0667,174.0833,11.840000000000032,100,28,6.99,NZ,1721706294
237,riosucio,5.4216,-75.7032,12.510000000000048,97,92,0.85,CO,1721706295
238,shakiso,5.75,38.9167,15.590000000000032,90,97,0.86,ET,1721706296
239,kisesa,-3.0833,34.15,16.140000000000043,56,100,3.77,TZ,1721706298
240,peterhead,57.5058,-1.7981,13.03000000000003,87,100,3.74,GB,1721706299
241,bamboo flat,11.7,92.7167,30.05000000000001,79,40,6.69,IN,1721706300
242,kailua-kona,19.6406,-155.9956,28.980000000000018,86,20,3.6,US,1721706301
243,koubia,11.5833,-11.9,19.83000000000004,96,100,1.72,GN,1721706302
244,ostersund,63.1792,14.6357,15.900000000000034,100,40,3.6,SE,1721706304
245,gainesville,29.6516,-82.3248,24.860000000000014,95,0,0.0,US,1721706305
246,cockburn town,21.4612,-71.1419,28.05000000000001,84,1,9.88,TC,1721706111
247,ryotsu-minato,38.0833,138.4333,29.720000000000027,64,54,4.3,JP,1721706307
248,beitbridge,-22.2167,30.0,13.879999999999995,73,2,1.19,ZW,1721706308
249,fredericton,45.9454,-66.6656,15.470000000000027,92,0,3.09,CA,1721706310
250,zouerate,22.7187,-12.4521,32.35000000000002,34,6,3.96,MR,1721706311
251,keflavik,64.0049,-22.5624,9.950000000000045,93,100,6.69,IS,1721706312
252,kingscliff,-28.2667,153.5667,22.090000000000032,52,0,6.69,AU,1721706313
253,kismayo,-0.3582,42.5454,24.400000000000034,87,90,5.98,SO,1721706316
254,nizao,18.25,-70.2,25.760000000000048,82,0,6.02,DO,1721706317
255,carnarvon,-24.8667,113.6333,21.840000000000032,67,5,5.45,AU,1721706318
256,nyazepetrovsk,56.0531,59.6028,12.800000000000011,90,100,3.15,RU,1721706320
257,anloga,5.7947,0.8973,24.010000000000048,87,100,5.43,GH,1721706321
258,glace bay,46.1969,-59.957,17.25,86,75,3.6,CA,1721706322
259,yuzhno-kurilsk,44.0306,145.8556,24.879999999999995,69,100,0.72,RU,1721706323
260,taulaga,-11.0553,-171.0883,27.710000000000036,77,0,9.7,AS,1721706324
261,holualoa,19.6228,-155.9522,26.910000000000025,86,20,3.6,US,1721706326
262,magadan,59.5667,150.8,18.450000000000045,76,17,2.78,RU,1721706327
263,kilinochchi,9.3961,80.3982,32.379999999999995,55,33,5.3,LK,1721706328
264,whangarei,-35.7317,174.3239,13.340000000000032,66,3,4.88,NZ,1721706329
265,xining,36.6167,101.7667,18.970000000000027,75,100,1.58,CN,1721706330
266,houlton,46.1262,-67.8403,14.230000000000018,89,0,0.0,US,1721706332
267,loanda,-8.8368,13.2343,21.0,88,75,2.06,AO,1721706333
268,fort bragg,35.139,-79.006,25.32000000000005,92,75,2.06,US,1721706336
269,kirakira,-10.4544,161.9205,28.939999999999998,74,99,5.95,SB,1721706338
270,alo,6.5486,4.2686,23.82000000000005,87,82,2.76,NG,1721706339
271,virrat,62.2476,23.78,17.660000000000025,72,0,2.49,FI,1721706340
272,blagoveshchenka,52.8333,79.8667,21.30000000000001,66,35,0.91,RU,1721706341
273,severo-yeniseyskiy,60.3725,93.0408,22.80000000000001,61,100,0.69,RU,1721706343
274,saint-joseph,-21.3667,55.6167,20.210000000000036,70,4,1.7,RE,1721706344
275,rovnoye,50.7765,46.0509,19.77000000000004,79,82,5.06,RU,1721706345
276,trenton,40.217,-74.7429,23.680000000000007,91,100,1.54,US,1721706346
277,new albany,38.2856,-85.8241,21.77000000000004,94,0,1.54,US,1721706348
278,waingapu,-9.6567,120.2641,28.660000000000025,59,39,7.43,ID,1721706349
279,nantai,40.9241,122.8044,30.07000000000005,71,85,6.62,CN,1721706350
280,sidney,-33.8679,151.2073,20.210000000000036,48,0,3.6,AU,1721706192
281,taoudenni,22.6783,-3.9836,35.28000000000003,30,89,2.93,ML,1721706352
282,nellore,14.4333,79.9667,30.75,52,100,7.97,IN,1721706354
283,touros,-5.1989,-35.4608,22.150000000000034,87,15,5.86,BR,1721706355
284,fort st. john,56.2499,-120.8529,18.939999999999998,88,100,5.66,CA,1721706356
285,kulhudhuffushi,6.6221,73.07,28.5,78,100,3.42,MV,1721706357
286,sofifi,0.7349,127.576,28.760000000000048,73,87,3.26,ID,1721706358
287,marat,25.0701,45.4615,32.35000000000002,14,30,2.27,SA,1721706360
288,ascension,30.2169,-90.9001,26.120000000000005,96,0,0.0,US,1721706361
289,xiaoweizhai,26.1903,107.5125,29.310000000000002,62,98,1.67,CN,1721706362
290,suva,-18.1416,178.4415,27.710000000000036,69,40,4.63,FJ,1721706363
291,rio san juan,19.6439,-70.0763,25.54000000000002,90,54,4.5,DO,1721706365
292,ola,59.5833,151.2833,18.29000000000002,77,25,3.16,RU,1721706366
293,iskateley,67.6803,53.1512,13.050000000000011,55,18,4.27,RU,1721706367
294,ramadi,33.4226,43.3058,35.47000000000003,24,0,7.6,IQ,1721706368
295,kristiansund,63.1115,7.732,13.03000000000003,96,100,1.54,NO,1721706369
296,muravlenko,63.7898,74.523,14.660000000000025,44,98,5.45,RU,1721706371
297,fortuna,40.5982,-124.1573,15.189999999999998,80,10,1.09,US,1721706372
298,lorengau,-2.0226,147.2712,26.640000000000043,87,100,3.27,PG,1721706373
299,ulladulla,-35.35,150.4667,17.650000000000034,46,6,1.7,AU,1721706374
300,pagar alam,-4.0167,103.2667,28.970000000000027,46,31,0.99,ID,1721706375
301,whittlesea,-32.1759,26.8244,4.730000000000018,33,44,1.7,ZA,1721706377
302,kiffa,16.6166,-11.4045,30.360000000000014,55,100,3.45,MR,1721706378
303,kapa'a,22.0752,-159.319,28.180000000000007,70,75,7.2,US,1721706379
304,dudinka,69.4058,86.1778,12.490000000000009,45,29,10.11,RU,1721706380
305,hadibu,12.65,54.0333,26.410000000000025,76,100,14.4,YE,1721706382
306,twin falls,42.3505,-114.6445,27.939999999999998,36,0,3.09,US,1721706383
307,rio grande,-32.035,-52.0986,13.300000000000011,92,33,2.08,BR,1721706384
308,louis trichardt,-23.0439,29.9032,12.600000000000023,54,5,0.91,ZA,1721706385
309,sao joao da barra,-21.6403,-41.0511,18.78000000000003,89,1,3.76,BR,1721706386
310,ajdabiya,30.7554,20.2263,25.620000000000005,52,0,2.44,LY,1721706388
311,thinadhoo,0.5333,72.9333,29.33000000000004,75,82,4.82,MV,1721706389
312,new norfolk,-42.7826,147.0587,18.29000000000002,58,85,4.26,AU,1721706390
313,dobroslav,46.8194,30.9432,22.060000000000002,61,86,4.78,UA,1721706391
314,vel'sk,61.0701,42.0983,17.650000000000034,53,1,1.59,RU,1721706392
315,tsetserleg,47.475,101.4542,19.950000000000045,39,3,6.49,MN,1721706394
316,nova sintra,14.8667,-24.7167,25.140000000000043,78,79,4.02,CV,1721706395
317,laguna,38.421,-121.4238,35.08000000000004,35,0,3.6,US,1721706396
318,edson,53.5835,-116.4356,28.060000000000002,42,0,2.57,CA,1721706397
319,auki,-8.7676,160.7034,30.140000000000043,62,18,1.99,SB,1721706398
320,port douglas,-16.4833,145.4667,21.82000000000005,77,94,6.42,AU,1721706400
321,tondano,1.3038,124.9112,27.05000000000001,66,98,2.99,ID,1721706401
322,les avirons,-21.2418,55.3394,19.05000000000001,52,0,3.6,RE,1721706402
323,nar'yan-mar,67.6713,53.087,13.04000000000002,55,18,4.23,RU,1721706403
324,castillos,-34.1667,-53.8333,13.100000000000023,95,7,1.52,UY,1721706405
325,moroni,-11.7022,43.2551,23.760000000000048,73,50,2.87,KM,1721706406
326,harnai,30.1005,67.9374,31.379999999999995,53,93,2.05,PK,1721706407
327,pul-e 'alam,33.9953,69.0227,26.960000000000036,35,3,0.65,AF,1721706408
328,la libertad,-2.2333,-80.9,20.75,80,67,4.07,EC,1721706410
329,mary,37.0,62.5,34.460000000000036,18,0,0.67,TM,1721706411
330,anaconda,46.1285,-112.9423,20.55000000000001,70,95,3.23,US,1721706412
331,mudgee,-32.5943,149.5871,14.79000000000002,47,6,2.5,AU,1721706413
332,quellon,-43.1167,-73.6167,8.390000000000043,93,100,3.71,CL,1721706415
333,vila do maio,15.1333,-23.2167,25.439999999999998,86,100,2.79,CV,1721706416
334,arezzo,43.4724,11.869,20.78000000000003,76,2,1.34,IT,1721706417
335,aykhal,66.0,111.5,16.090000000000032,40,60,4.21,RU,1721706418
336,piton saint-leu,-21.2196,55.3151,19.060000000000002,52,0,3.6,RE,1721706422
337,st. john's,47.5649,-52.7093,15.710000000000036,87,20,6.17,CA,1721706423
338,n'dalatando,-9.2978,14.9116,16.200000000000045,90,70,1.12,AO,1721706424
339,khash,28.2211,61.2158,31.860000000000014,15,83,1.59,IR,1721706426
340,tura,25.5198,90.2201,26.610000000000014,85,98,2.69,IN,1721706427
341,kavieng,-2.5744,150.7967,27.140000000000043,82,100,6.72,PG,1721706428
342,lake charles,30.2131,-93.2044,26.99000000000001,91,40,2.57,US,1721706429
343,ardestan,33.3761,52.3694,29.879999999999995,29,0,1.71,IR,1721706430
344,mandalgovi,45.7625,106.2708,25.110000000000014,39,40,5.09,MN,1721706432
345,shimoda,34.6667,138.95,33.950000000000045,68,0,5.76,JP,1721706433
346,lethem,3.3803,-59.7968,24.33000000000004,88,85,1.82,GY,1721706434
347,dalnerechensk,45.9339,133.7225,27.660000000000025,69,100,2.55,RU,1721706435
348,dover,39.1582,-75.5244,23.010000000000048,94,20,1.54,US,1721706437
349,torres,-29.3353,-49.7269,16.57000000000005,93,0,1.79,BR,1721706438
350,springbok,-29.6643,17.8865,7.110000000000014,58,29,1.11,ZA,1721706439
351,youhao,47.8667,128.8333,31.54000000000002,35,97,3.06,CN,1721706440
352,yanbu,24.0891,38.0637,29.02000000000004,84,0,2.06,SA,1721706441
353,veraval,20.9,70.3667,27.410000000000025,89,100,10.11,IN,1721706443
354,hilo,19.7297,-155.09,27.850000000000023,80,20,5.14,US,1721706444
355,palapag,12.5458,125.1147,29.920000000000016,70,100,4.7,PH,1721706445
356,kodiak,57.79,-152.4072,12.730000000000018,100,100,2.06,US,1721706446
357,novodvinsk,64.4165,40.8122,19.860000000000014,55,10,1.18,RU,1721706447
358,steinbach,50.1667,8.5667,17.33000000000004,77,25,1.28,DE,1721706449
359,batang,-6.4846,110.7083,30.100000000000023,54,29,3.72,ID,1721706450
360,la sarre,48.8002,-79.1996,11.270000000000039,90,100,1.53,CA,1721706451
361,labytnangi,66.6572,66.4183,11.700000000000045,57,100,5.2,RU,1721706452
362,queanbeyan,-35.35,149.2333,13.600000000000023,70,3,5.14,AU,1721706453
363,flying fish cove,-10.4217,105.6791,25.920000000000016,77,57,7.39,CX,1721706455
364,yanta,36.2411,115.6672,29.470000000000027,80,99,4.4,CN,1721706456
365,manado,1.487,124.8455,31.430000000000007,62,40,2.57,ID,1721706457
366,connersville,39.6412,-85.1411,21.430000000000007,95,20,0.45,US,1721706458
367,guajara,-2.9667,-57.6667,23.920000000000016,60,52,1.39,BR,1721706460
368,nampula,-15.1165,39.2666,16.970000000000027,82,20,2.06,MZ,1721706461
369,avon,41.4517,-82.0354,21.5,91,100,1.54,US,1721706462
370,kone,-21.0595,164.8658,24.890000000000043,51,97,2.7,NC,1721706463
371,sar-e pul,35.8333,66.1667,25.54000000000002,24,0,1.51,AF,1721706464
372,mercedes,-34.6515,-59.4307,10.480000000000018,89,4,2.08,AR,1721706466
373,nelson bay,-32.7167,152.15,20.0,52,0,0.89,AU,1721706467
374,talara,-4.5772,-81.2719,17.420000000000016,94,0,7.48,PE,1721706468
375,papao,-17.75,-149.55,25.82000000000005,74,46,12.83,PF,1721706469
376,mangrol,21.1167,70.1167,27.400000000000034,89,100,11.54,IN,1721706470
377,barcelos,41.5388,-8.6151,24.360000000000014,43,4,2.43,PT,1721706473
378,aral,40.5156,81.2636,33.28000000000003,22,0,4.38,CN,1721706474
379,strathalbyn,-35.2667,138.9,18.28000000000003,60,100,6.39,AU,1721706475
380,laramie,41.3114,-105.5911,16.720000000000027,51,0,4.65,US,1721706409
381,palikir - national government center,6.9248,158.1611,31.470000000000027,84,75,4.12,FM,1721706478
382,igarka,67.4667,86.5833,14.720000000000027,46,91,6.54,RU,1721706479
383,gereida,11.2811,25.1414,25.05000000000001,79,98,3.77,SD,1721706480
384,sola,-13.8833,167.55,28.370000000000005,74,100,2.57,VU,1721706481
385,magong,23.5654,119.5863,29.760000000000048,82,2,9.05,TW,1721706483
386,ulanhot,46.0833,122.0833,24.629999999999995,76,100,3.23,CN,1721706484
387,akureyri,65.6835,-18.0878,11.960000000000036,62,75,5.14,IS,1721706485
388,lazaro cardenas,17.9583,-102.2,27.03000000000003,77,100,1.08,MX,1721706486
389,winslow,35.0242,-110.6974,28.100000000000023,34,0,4.12,US,1721706487
390,bel ombre,-4.6167,55.4167,25.910000000000025,89,75,6.17,SC,1721706489
391,wyoming,43.0002,-107.5009,24.04000000000002,22,14,3.47,US,1721706490
392,port moresby,-9.4431,147.1797,29.680000000000007,62,75,7.72,PG,1721706239
393,mitu,1.1983,-70.1733,21.29000000000002,99,80,0.5,CO,1721706492
394,vilyuysk,63.7553,121.6247,21.480000000000018,42,39,4.41,RU,1721706493
395,nargund,15.7167,75.3833,23.140000000000043,76,100,9.6,IN,1721706495
396,laojunmiao,39.8333,97.7333,14.910000000000025,68,100,8.56,CN,1721706496
397,sinabang,2.4803,96.3801,30.220000000000027,69,99,2.98,ID,1721706497
398,kharan,28.5833,65.4167,33.64000000000004,45,71,4.4,PK,1721706498
399,ginir,7.1333,40.7,14.689999999999998,85,53,3.23,ET,1721706500
400,sangueya,10.7,-14.3667,23.600000000000023,96,98,1.41,GN,1721706501
401,ancud,-41.8697,-73.8203,6.850000000000023,94,75,0.81,CL,1721706502
402,porto novo,6.4965,2.6036,24.340000000000032,82,100,3.54,BJ,1721706503
403,masterton,-40.9597,175.6575,11.050000000000011,70,93,4.16,NZ,1721706504
404,khandyga,62.6667,135.6,20.32000000000005,68,92,0.82,RU,1721706506
405,driefontein,-27.0177,30.4498,4.580000000000041,86,8,1.29,ZA,1721706508
406,qarauyl,48.9451,79.255,23.950000000000045,45,57,2.35,KZ,1721706509
407,stung treng,13.5259,105.9683,29.210000000000036,79,88,3.3,KH,1721706510
408,zhangjiakou,40.81,114.8794,33.07000000000005,39,0,2.13,CN,1721706512
409,south hedland,-20.4089,118.5983,24.960000000000036,38,1,4.12,AU,1721706513
410,aripuana,-9.1667,-60.6333,21.29000000000002,45,5,1.25,BR,1721706514
411,tabou,4.423,-7.3528,23.670000000000016,85,100,2.75,CI,1721706515
412,margherita,27.2833,95.6833,25.189999999999998,99,100,0.8,IN,1721706516
413,prado,-17.3411,-39.2208,20.720000000000027,69,0,1.79,BR,1721706518
414,obidos,-1.9175,-55.5181,24.210000000000036,63,2,1.41,BR,1721706519
415,sinazongwe,-17.2614,27.4618,17.160000000000025,44,0,0.6,ZM,1721706520
416,eqbaliyeh,35.3022,51.5358,30.900000000000034,34,41,5.33,IR,1721706521
417,colonia rincon viejo,16.9,-95.05,23.970000000000027,96,99,1.95,MX,1721706522
418,parchim,53.4263,11.8488,15.950000000000045,77,79,2.89,DE,1721706524
419,hithadhoo,-0.6,73.0833,29.05000000000001,76,20,5.77,MV,1721706525
420,sherbakul',54.6316,72.3963,20.090000000000032,87,99,5.15,RU,1721706526
421,kununurra,-15.7667,128.7333,26.99000000000001,21,3,3.09,AU,1721706527
422,vorkuta,67.5,64.0,11.32000000000005,71,100,1.19,RU,1721706529
423,hue,16.4667,107.6,31.060000000000002,62,40,3.6,VN,1721706530
424,bairnsdale,-37.8333,147.6167,19.470000000000027,49,20,0.45,AU,1721706531
425,choyr,46.3611,108.3611,24.430000000000007,46,39,2.42,MN,1721706532
426,pacific grove,36.6177,-121.9166,17.439999999999998,91,40,2.57,US,1721706533
427,banda aceh,5.5577,95.3222,31.77000000000004,57,82,7.68,ID,1721706535
428,colonia,50.9333,6.95,19.410000000000025,80,75,2.57,DE,1721706536
429,cabo san lucas,22.8909,-109.9124,32.610000000000014,73,4,7.19,MX,1721706537
430,dinar,38.065,30.1656,20.980000000000018,44,0,1.73,TR,1721706538
431,eyl,7.9803,49.8164,26.360000000000014,67,70,11.54,SO,1721706539
432,el granada,37.5027,-122.4694,23.610000000000014,78,0,7.72,US,1721706541
433,kimberley,-28.7323,24.7623,-1.169999999999959,47,0,0.0,ZA,1721706542
434,kambove,-10.8764,26.5969,12.910000000000025,43,6,2.04,CD,1721706543
435,guankou,28.15,113.6333,36.89000000000004,37,100,2.36,CN,1721706544
436,bengkulu,-3.8004,102.2655,28.53000000000003,64,66,2.69,ID,1721706545
437,kidal,18.4411,1.4078,28.660000000000025,56,78,2.8,ML,1721706547
438,kpandu,6.9954,0.2931,22.510000000000048,87,73,3.28,GH,1721706548
439,enewetak,11.3474,162.3373,28.79000000000002,79,69,7.64,MH,1721706549
440,san luis de la loma,17.2706,-100.8939,26.350000000000023,85,100,1.31,MX,1721706550
441,galliano,29.4422,-90.2992,27.78000000000003,89,0,0.0,US,1721706552
442,canutama,-6.5339,-64.3831,23.55000000000001,49,18,1.0,BR,1721706555
443,callao,-12.0667,-77.15,17.460000000000036,77,100,6.17,PE,1721706556
444,mount gambier,-37.8333,140.7667,15.470000000000027,46,99,5.09,AU,1721706557
445,domoni,-12.2569,44.5319,23.960000000000036,75,76,3.95,KM,1721706559
446,san pedro pochutla,15.7333,-96.4667,28.840000000000032,88,100,1.64,MX,1721706560
447,bocas del toro,9.3333,-82.25,25.03000000000003,83,100,5.47,PA,1721706561
448,saida,34.8303,0.1517,19.879999999999995,60,0,0.51,DZ,1721706562
449,khamharia,20.9833,82.2667,24.180000000000007,94,100,6.7,IN,1721706563
450,andovoranto,-18.95,49.1,21.180000000000007,79,84,1.28,MG,1721706565
451,cidade velha,14.9167,-23.6167,25.260000000000048,78,75,3.09,CV,1721706566
452,mazagao,-0.115,-51.2894,28.03000000000003,94,7,1.31,BR,1721706567
453,kalabo,-14.97,22.6814,11.770000000000039,30,0,2.41,ZM,1721706568
454,khromtau,50.2503,58.4347,23.710000000000036,47,17,5.3,KZ,1721706570
455,paulden,34.8856,-112.4682,26.52000000000004,50,91,1.79,US,1721706571
456,mana,5.6592,-53.7767,26.150000000000034,84,79,5.53,GF,1721706572
457,zhangye,38.9342,100.4517,24.410000000000025,37,99,7.53,CN,1721706573
458,hasaki,35.7333,140.8333,37.379999999999995,79,22,5.43,JP,1721706574
459,khanpur,28.6453,70.6567,33.110000000000014,58,100,7.52,PK,1721706576
460,haapsalu,58.9431,23.5414,17.970000000000027,90,9,3.51,EE,1721706577
461,damoh,23.8333,79.45,28.480000000000018,78,100,6.64,IN,1721706578
462,calvi,42.5,8.8333,18.350000000000023,73,0,2.57,FR,1721706579
463,sarina,-21.4333,149.2167,22.930000000000007,52,28,5.29,AU,1721706581
464,taghazout,30.5426,-9.7112,24.430000000000007,53,92,1.16,MA,1721706583
465,morton,46.7722,-101.2615,24.08000000000004,57,48,3.61,US,1721706584
466,malpe,13.35,74.7167,26.610000000000014,82,100,4.34,IN,1721706585
467,aktau,43.65,51.2,28.32000000000005,47,0,4.42,KZ,1721706567
468,iglino,54.8324,56.4126,15.050000000000011,89,100,4.76,RU,1721706588
469,corinto,37.9407,22.9573,25.5,58,0,2.17,GR,1721706589
470,harrah,35.4895,-97.1636,24.400000000000034,84,44,3.0,US,1721706590
471,salinopolis,-0.6136,-47.3561,26.29000000000002,84,2,4.47,BR,1721706591
472,amarante do maranhao,-5.5667,-46.7422,21.390000000000043,52,1,1.5,BR,1721706593
473,miri,4.4148,114.0089,32.08000000000004,70,40,1.03,MY,1721706594
474,santa cruz,-17.8,-63.1667,15.700000000000045,88,0,2.57,BO,1721706595
475,al hufuf,25.3646,49.5653,31.189999999999998,20,0,1.54,SA,1721706596
476,funtua,11.5233,7.3081,20.730000000000018,94,97,2.72,NG,1721706597
477,el nido,11.1858,119.3956,29.52000000000004,83,100,0.89,PH,1721706599
478,conduaga,8.862,117.4893,31.360000000000014,61,100,5.27,PH,1721706600
479,doctor juan leon mallorquin,-25.4,-55.2667,15.850000000000023,80,5,1.55,PY,1721706601
480,mohr,54.3528,9.7167,16.090000000000032,78,75,1.54,DE,1721706602
481,santo nino,6.435,124.6975,28.900000000000034,71,100,1.34,PH,1721706604
482,sabang,5.8933,95.3214,28.730000000000018,76,89,8.16,ID,1721706605
483,wanning,18.8003,110.3967,30.950000000000045,70,100,5.99,CN,1721706606
484,deulgaon raja,20.0167,76.0333,23.25,94,100,4.99,IN,1721706607
485,saint-philippe,-21.3585,55.7679,20.77000000000004,75,6,2.72,RE,1721706608
486,tommot,58.9564,126.2925,27.57000000000005,40,12,2.67,RU,1721706610
487,ambato boeny,-16.4667,46.7167,17.879999999999995,69,32,0.56,MG,1721706611
488,al bawiti,28.3492,28.8659,27.430000000000007,56,2,1.97,EG,1721706612
489,luuq,3.7938,42.5445,23.920000000000016,73,72,7.48,SO,1721706613
490,craig,40.5153,-107.5464,22.970000000000027,31,66,2.85,US,1721706615
491,svetlyy,54.675,20.1347,20.03000000000003,94,87,5.74,RU,1721706617
492,dunoon,55.947,-4.923,12.400000000000034,95,26,0.45,GB,1721706618
493,tsimasham,27.0989,89.536,16.03000000000003,97,100,0.57,BT,1721706619
494,saposoa,-6.934,-76.7716,20.700000000000045,93,66,1.3,PE,1721706621
495,santiago,-33.4569,-70.6483,12.870000000000005,57,0,3.09,CL,1721706218
496,bantay,17.5847,120.3892,26.650000000000034,96,100,6.79,PH,1721706623
497,peace river,56.2501,-117.286,30.170000000000016,48,75,5.66,CA,1721706624
498,gizo,-8.103,156.8419,27.710000000000036,81,40,6.85,SB,1721706626
499,mora,11.0461,14.1401,22.57000000000005,89,100,2.08,CM,1721706627
500,grafton,42.207,-71.6856,23.310000000000002,87,20,3.09,US,1721706404
501,vizinga,61.0749,50.1031,18.360000000000014,45,24,1.96,RU,1721706629
502,watsa,3.0372,29.5355,18.25,100,98,0.29,CD,1721706631
503,greenville,35.6127,-77.3663,25.08000000000004,99,96,0.89,US,1721706633
504,rikaze,29.25,88.8833,11.950000000000045,79,100,1.57,CN,1721706634
505,sao felix do xingu,-6.6447,-51.995,20.120000000000005,48,1,0.79,BR,1721706635
506,tambopata,-12.7333,-69.1833,22.83000000000004,64,5,1.25,PE,1721706636
507,tazacorte,28.629,-17.9293,22.54000000000002,95,100,7.2,ES,1721706638
508,topeka,39.0483,-95.678,23.05000000000001,82,0,0.0,US,1721706639
509,olyokminsk,60.3736,120.4264,30.340000000000032,37,27,3.72,RU,1721706641
510,midvagur,62.0511,-7.1939,9.460000000000036,100,20,0.51,FO,1721706642
511,kerikeri,-35.2268,173.9474,16.060000000000002,65,2,4.02,NZ,1721706644
512,oxelosund,58.6706,17.1015,17.210000000000036,100,100,0.0,SE,1721706645
513,dwarka,22.2394,68.9678,28.02000000000004,89,100,8.02,IN,1721706646
514,kilindoni,-7.9139,39.6668,25.04000000000002,73,88,7.18,TZ,1721706647
515,kourou,5.1552,-52.6478,25.03000000000003,84,51,3.55,GF,1721706649
516,kilju,40.9642,129.3278,31.860000000000014,59,54,2.7,KP,1721706650
517,chibougamau,49.9168,-74.3659,12.79000000000002,71,100,1.54,CA,1721706651
518,bardai,11.65,7.2333,21.210000000000036,93,83,2.9,NG,1721706652
519,homer,59.6425,-151.5483,15.580000000000041,91,100,3.6,US,1721706653
520,cukurca,37.2481,43.6136,26.920000000000016,37,0,2.11,TR,1721706655
521,abra pampa,-22.7205,-65.697,5.220000000000027,44,27,1.69,AR,1721706656
522,birao,10.2849,22.7882,22.25,97,100,2.41,CF,1721706657
523,dakhla,23.6848,-15.958,19.30000000000001,91,75,8.99,EH,1721706658
524,vila velha,-20.3297,-40.2925,19.970000000000027,91,0,1.03,BR,1721706660
525,shalqar,47.8333,59.6,27.939999999999998,42,23,3.01,KZ,1721706661
526,ketchikan,55.3422,-131.6461,16.30000000000001,81,26,1.11,US,1721706662
527,lompoc,34.6391,-120.4579,16.230000000000018,93,20,3.6,US,1721706663
528,saudarkrokur,65.7461,-19.6394,7.8799999999999955,94,100,5.23,IS,1721706665
529,carutapera,-1.195,-46.02,24.890000000000043,87,4,2.42,BR,1721706666
530,nikolayevsk-on-amure,53.1406,140.73,12.78000000000003,98,100,2.34,RU,1721706667
531,xinji,37.9028,115.2036,38.5,38,89,3.44,CN,1721706668
532,hays,30.0502,-98.0336,24.07000000000005,90,80,1.3,US,1721706669
533,icano,-28.9193,-65.3282,11.240000000000009,71,47,2.48,AR,1721706671
534,berehomet,48.1788,25.3486,17.360000000000014,80,45,1.87,UA,1721706672
535,usogorsk,63.4106,48.6872,16.510000000000048,58,90,2.26,RU,1721706673
536,kayangel,8.0823,134.7173,26.220000000000027,87,100,5.29,PW,1721706675
537,arenapolis,-14.4503,-56.8461,18.54000000000002,38,7,1.27,BR,1721706677
538,mek'ele,13.4967,39.4753,15.350000000000023,89,97,1.62,ET,1721706678
539,copala,16.65,-98.9833,26.210000000000036,79,100,1.31,MX,1721706679
540,guilin,25.2819,110.2864,31.060000000000002,54,3,1.47,CN,1721706680
541,axim,4.8699,-2.2405,23.28000000000003,90,95,3.09,GH,1721706681
542,kirensk,57.7853,108.1119,30.960000000000036,44,65,1.87,RU,1721706683
543,labuan bajo,-8.4964,119.8877,28.140000000000043,64,70,2.9,ID,1721706684
544,brentwood,40.7812,-73.2462,23.510000000000048,91,100,3.09,US,1721706685
545,helena,46.5927,-112.0361,22.32000000000005,51,100,1.87,US,1721706686
546,mossel bay,-34.1831,22.146,6.960000000000036,72,25,1.16,ZA,1721706688
547,mumbai,19.0144,72.8479,26.939999999999998,89,100,7.2,IN,1721706537
548,gingee,12.25,79.4167,31.02000000000004,51,100,8.61,IN,1721706690
549,hell-ville,-13.4,48.2667,18.930000000000007,76,40,1.03,MG,1721706691
550,ishpeming,46.4885,-87.6676,15.580000000000041,82,100,2.68,US,1721706692
551,iskushuban,10.2837,50.23,28.160000000000025,50,78,14.24,SO,1721706693
552,petauke,-14.2426,31.3253,14.04000000000002,53,5,1.44,ZM,1721706695
553,songjianghe,42.1859,127.479,22.700000000000045,93,84,2.4,CN,1721706696
554,nieuw amsterdam,5.8833,-55.0833,27.090000000000032,93,100,3.45,SR,1721706697
555,ouadda,8.0777,22.4007,19.700000000000045,99,100,1.32,CF,1721706698
